path,label,pcaFeatures
dbfs:/mnt/p11_mount/data/Test/cucumber_3/r0_171.jpg,cucumber_3,"[11.308647269291315,-4.089936426123957]"
dbfs:/mnt/p11_mount/data/Test/cucumber_3/r0_167.jpg,cucumber_3,"[10.564156308055871,-4.0341143125233065]"
dbfs:/mnt/p11_mount/data/Test/cucumber_3/r0_307.jpg,cucumber_3,"[12.559707640014853,-3.3085778039897167]"
dbfs:/mnt/p11_mount/data/Test/cucumber_3/r0_275.jpg,cucumber_3,"[10.112701970729733,-2.994906086358103]"
dbfs:/mnt/p11_mount/data/Test/cucumber_3/r0_231.jpg,cucumber_3,"[12.475473290124103,-5.459863035549889]"
dbfs:/mnt/p11_mount/data/Test/pear_1/r1_271.jpg,pear_1,"[-5.638372959730852,-13.579717975204646]"
dbfs:/mnt/p11_mount/data/Test/pear_1/r0_291.jpg,pear_1,"[-3.3498899705380065,-15.334773080438975]"
dbfs:/mnt/p11_mount/data/Test/zucchini_1/r0_119.jpg,zucchini_1,"[12.701111543372472,-4.386575289362466]"
dbfs:/mnt/p11_mount/data/Test/zucchini_1/r0_299.jpg,zucchini_1,"[12.927581590691334,-5.999384774317865]"
dbfs:/mnt/p11_mount/data/Test/zucchini_1/r0_91.jpg,zucchini_1,"[14.399164219951043,-4.904296220350662]"
dbfs:/mnt/p11_mount/data/Test/zucchini_1/r0_199.jpg,zucchini_1,"[9.6434684447397,-3.580079228938253]"
dbfs:/mnt/p11_mount/data/Test/pear_1/r0_235.jpg,pear_1,"[-4.933358917016376,-13.513322662556293]"
dbfs:/mnt/p11_mount/data/Test/zucchini_1/r0_19.jpg,zucchini_1,"[13.498465891920372,-4.304417869815147]"
dbfs:/mnt/p11_mount/data/Test/zucchini_1/r0_55.jpg,zucchini_1,"[13.391125662739142,-4.4752446732006845]"
dbfs:/mnt/p11_mount/data/Test/pear_1/r0_143.jpg,pear_1,"[-6.0404404228952435,-13.239607074995899]"
dbfs:/mnt/p11_mount/data/Test/pear_1/r0_195.jpg,pear_1,"[-4.659982702289595,-12.472093488240303]"
dbfs:/mnt/p11_mount/data/Test/apple_granny_smith_1/r1_51.jpg,apple_granny_smith_1,"[-2.2839102579803887,1.8994996424909614]"
dbfs:/mnt/p11_mount/data/Test/pear_1/r1_231.jpg,pear_1,"[-4.2701051884958146,-7.967821581340182]"
dbfs:/mnt/p11_mount/data/Test/pear_1/r1_223.jpg,pear_1,"[-2.7473028161707336,-4.9684374155946545]"
dbfs:/mnt/p11_mount/data/Test/pear_1/r1_71.jpg,pear_1,"[-4.1677454245552745,-5.004222367254049]"
dbfs:/mnt/p11_mount/data/Test/apple_granny_smith_1/r0_111.jpg,apple_granny_smith_1,"[-5.076800252245955,4.32844091596367]"
dbfs:/mnt/p11_mount/data/Test/apple_granny_smith_1/r0_283.jpg,apple_granny_smith_1,"[-4.090685477718305,3.2070828189837632]"
dbfs:/mnt/p11_mount/data/Test/apple_granny_smith_1/r0_159.jpg,apple_granny_smith_1,"[-5.40387044368577,2.8885833776699554]"
dbfs:/mnt/p11_mount/data/Test/apple_granny_smith_1/r0_87.jpg,apple_granny_smith_1,"[-6.087373203471717,4.608484242306721]"
dbfs:/mnt/p11_mount/data/Test/apple_granny_smith_1/r0_23.jpg,apple_granny_smith_1,"[-5.124642556331478,4.95924477134502]"
dbfs:/mnt/p11_mount/data/Test/apple_granny_smith_1/r0_215.jpg,apple_granny_smith_1,"[-5.342619419325591,4.002193442037943]"
dbfs:/mnt/p11_mount/data/Test/apple_granny_smith_1/r0_303.jpg,apple_granny_smith_1,"[-4.874457686222634,3.709798082130093]"
dbfs:/mnt/p11_mount/data/Test/cucumber_3/r0_27.jpg,cucumber_3,"[13.53838006604359,-3.0449471481536508]"
dbfs:/mnt/p11_mount/data/Test/cucumber_3/r0_151.jpg,cucumber_3,"[10.884063567552005,-4.588044502787986]"
dbfs:/mnt/p11_mount/data/Test/cucumber_3/r0_259.jpg,cucumber_3,"[12.562193170818556,-3.329493875122992]"
dbfs:/mnt/p11_mount/data/Test/cucumber_3/r0_207.jpg,cucumber_3,"[10.045435176382812,-5.19331583495096]"
dbfs:/mnt/p11_mount/data/Test/pear_1/r0_11.jpg,pear_1,"[-3.309590065223073,-15.10877644677047]"
dbfs:/mnt/p11_mount/data/Test/pear_1/r1_319.jpg,pear_1,"[-3.8617526544547074,-12.927880258827418]"
dbfs:/mnt/p11_mount/data/Test/pear_1/r0_283.jpg,pear_1,"[-3.858803849526424,-15.437415905285746]"
dbfs:/mnt/p11_mount/data/Test/pear_1/r0_271.jpg,pear_1,"[-3.8527890390653354,-14.95956515407669]"
dbfs:/mnt/p11_mount/data/Test/zucchini_1/r0_179.jpg,zucchini_1,"[9.083361909654474,-3.2150338730296752]"
dbfs:/mnt/p11_mount/data/Test/zucchini_1/r0_147.jpg,zucchini_1,"[10.677108494950188,-3.4313932813071646]"
dbfs:/mnt/p11_mount/data/Test/zucchini_1/r0_263.jpg,zucchini_1,"[10.784384747588051,-4.476657582270822]"
dbfs:/mnt/p11_mount/data/Test/zucchini_1/r0_267.jpg,zucchini_1,"[12.151211613627561,-5.07660452245952]"
dbfs:/mnt/p11_mount/data/Test/pear_1/r1_7.jpg,pear_1,"[-4.354212629331884,-12.19767777222256]"
dbfs:/mnt/p11_mount/data/Test/pear_1/r0_215.jpg,pear_1,"[-5.293666700957522,-12.641813822775132]"
dbfs:/mnt/p11_mount/data/Test/pear_1/r1_171.jpg,pear_1,"[-4.745564125195207,-11.912856503529131]"
dbfs:/mnt/p11_mount/data/Test/pear_1/r0_159.jpg,pear_1,"[-5.808434810073658,-11.555786120378338]"
dbfs:/mnt/p11_mount/data/Test/apple_granny_smith_1/r1_39.jpg,apple_granny_smith_1,"[-3.065773304871404,2.3185259587495013]"
dbfs:/mnt/p11_mount/data/Test/pear_1/r1_103.jpg,pear_1,"[-5.119210245091457,-7.26376289407933]"
dbfs:/mnt/p11_mount/data/Test/pear_1/r1_219.jpg,pear_1,"[-2.56709766765999,-2.3187962330355085]"
dbfs:/mnt/p11_mount/data/Test/apple_granny_smith_1/r1_15.jpg,apple_granny_smith_1,"[-3.799070751098276,4.929903199883344]"
dbfs:/mnt/p11_mount/data/Test/pear_1/r1_207.jpg,pear_1,"[-3.6892384260166216,-5.277108322782954]"
dbfs:/mnt/p11_mount/data/Test/apple_granny_smith_1/r0_279.jpg,apple_granny_smith_1,"[-4.538851877824946,3.1315760737100007]"
dbfs:/mnt/p11_mount/data/Test/apple_granny_smith_1/r1_111.jpg,apple_granny_smith_1,"[-6.106017228594062,2.9495049394829707]"
dbfs:/mnt/p11_mount/data/Test/apple_granny_smith_1/r1_163.jpg,apple_granny_smith_1,"[-5.403739716488318,3.5526753092602608]"
dbfs:/mnt/p11_mount/data/Test/apple_granny_smith_1/r0_11.jpg,apple_granny_smith_1,"[-5.920291608326518,5.1221658331100075]"
dbfs:/mnt/p11_mount/data/Test/apple_granny_smith_1/r0_235.jpg,apple_granny_smith_1,"[-5.1840309715662105,3.529597107178907]"
dbfs:/mnt/p11_mount/data/Test/apple_granny_smith_1/r0_43.jpg,apple_granny_smith_1,"[-5.456970337931716,5.014581739945827]"
dbfs:/mnt/p11_mount/data/Test/cucumber_3/r0_83.jpg,cucumber_3,"[11.65031673182043,-3.6180443601092995]"
dbfs:/mnt/p11_mount/data/Test/cucumber_3/r0_111.jpg,cucumber_3,"[9.03735252757781,-3.5661640697927717]"
dbfs:/mnt/p11_mount/data/Test/cucumber_3/r0_247.jpg,cucumber_3,"[11.830642148536464,-3.0374710210548717]"
dbfs:/mnt/p11_mount/data/Test/cucumber_3/r0_215.jpg,cucumber_3,"[11.15665105126364,-5.144923190446267]"
dbfs:/mnt/p11_mount/data/Test/cucumber_3/r0_219.jpg,cucumber_3,"[12.744452637380446,-6.330218696839106]"
dbfs:/mnt/p11_mount/data/Test/pear_1/r1_263.jpg,pear_1,"[-6.185270673212287,-13.04433141020463]"
dbfs:/mnt/p11_mount/data/Test/pear_1/r0_47.jpg,pear_1,"[-2.4217456540045204,-14.31421973202404]"
dbfs:/mnt/p11_mount/data/Test/pear_1/r1_259.jpg,pear_1,"[-5.534228194569436,-12.447816485408252]"
dbfs:/mnt/p11_mount/data/Test/pear_1/r0_259.jpg,pear_1,"[-3.767846822376248,-13.648135753534314]"
dbfs:/mnt/p11_mount/data/Test/pear_1/r1_251.jpg,pear_1,"[-5.491171633197276,-13.30591419782043]"
dbfs:/mnt/p11_mount/data/Test/zucchini_1/r0_163.jpg,zucchini_1,"[8.234404940418655,-3.947619978314986]"
dbfs:/mnt/p11_mount/data/Test/zucchini_1/r0_51.jpg,zucchini_1,"[10.15588705276497,-3.571072030744753]"
dbfs:/mnt/p11_mount/data/Test/pear_1/r0_135.jpg,pear_1,"[-6.3921586573440585,-13.68821322166916]"
dbfs:/mnt/p11_mount/data/Test/pear_1/r0_163.jpg,pear_1,"[-5.6237993575479095,-11.810941370693655]"
dbfs:/mnt/p11_mount/data/Test/pear_1/r0_179.jpg,pear_1,"[-4.698263414443395,-12.027585029693801]"
dbfs:/mnt/p11_mount/data/Test/pear_1/r1_91.jpg,pear_1,"[-5.430981375680263,-6.427061333370021]"
dbfs:/mnt/p11_mount/data/Test/apple_granny_smith_1/r1_23.jpg,apple_granny_smith_1,"[-4.09854160362231,4.324956396276043]"
dbfs:/mnt/p11_mount/data/Test/pear_1/r1_75.jpg,pear_1,"[-3.96606663766245,-4.696618968829349]"
dbfs:/mnt/p11_mount/data/Test/pear_1/r1_79.jpg,pear_1,"[-4.333973058416732,-5.282932715997388]"
dbfs:/mnt/p11_mount/data/Test/apple_granny_smith_1/r1_191.jpg,apple_granny_smith_1,"[-3.9698907851633716,2.3201907454138535]"
dbfs:/mnt/p11_mount/data/Test/apple_granny_smith_1/r1_207.jpg,apple_granny_smith_1,"[-4.077125283300947,1.4611645369418917]"
dbfs:/mnt/p11_mount/data/Test/apple_granny_smith_1/r0_139.jpg,apple_granny_smith_1,"[-4.966720270885848,2.1378142304621006]"
dbfs:/mnt/p11_mount/data/Test/apple_granny_smith_1/r0_79.jpg,apple_granny_smith_1,"[-6.290976638662615,3.66155064203861]"
dbfs:/mnt/p11_mount/data/Test/apple_granny_smith_1/r0_151.jpg,apple_granny_smith_1,"[-4.607887254246509,2.578614376621101]"
dbfs:/mnt/p11_mount/data/Test/apple_granny_smith_1/r1_151.jpg,apple_granny_smith_1,"[-5.92843468403812,3.697457612556048]"
dbfs:/mnt/p11_mount/data/Test/apple_granny_smith_1/r0_219.jpg,apple_granny_smith_1,"[-4.702776946906534,4.829130682014255]"
dbfs:/mnt/p11_mount/data/Test/apple_granny_smith_1/r0_207.jpg,apple_granny_smith_1,"[-4.9088165344658306,3.7455224407832683]"
dbfs:/mnt/p11_mount/data/Test/cucumber_3/r0_123.jpg,cucumber_3,"[8.406486411580465,-3.330599356686078]"
dbfs:/mnt/p11_mount/data/Test/cucumber_3/r0_155.jpg,cucumber_3,"[10.741990554445014,-4.973182394608795]"
dbfs:/mnt/p11_mount/data/Test/cucumber_3/r0_271.jpg,cucumber_3,"[10.903698086253206,-3.0069275499476156]"
dbfs:/mnt/p11_mount/data/Test/cucumber_3/r0_71.jpg,cucumber_3,"[14.815358641389325,-4.49740974650226]"
dbfs:/mnt/p11_mount/data/Test/cucumber_3/r0_203.jpg,cucumber_3,"[9.80031882746887,-4.6212879305821195]"
dbfs:/mnt/p11_mount/data/Test/cucumber_3/r0_67.jpg,cucumber_3,"[14.95993949213725,-3.5978434223248326]"
dbfs:/mnt/p11_mount/data/Test/zucchini_1/r0_139.jpg,zucchini_1,"[12.204371449969457,-3.656895519821403]"
dbfs:/mnt/p11_mount/data/Test/pear_1/r0_299.jpg,pear_1,"[-3.7310283578784773,-14.90532925612127]"
dbfs:/mnt/p11_mount/data/Test/zucchini_1/r0_43.jpg,zucchini_1,"[11.145756573570015,-3.230024634122285]"
dbfs:/mnt/p11_mount/data/Test/zucchini_1/r0_255.jpg,zucchini_1,"[12.189964747252969,-2.7592555802820797]"
dbfs:/mnt/p11_mount/data/Test/zucchini_1/r0_83.jpg,zucchini_1,"[10.161012710761872,-4.831545185073776]"
dbfs:/mnt/p11_mount/data/Test/pear_1/r0_91.jpg,pear_1,"[-2.9447698044975863,-14.02616841123124]"
dbfs:/mnt/p11_mount/data/Test/zucchini_1/r0_35.jpg,zucchini_1,"[12.173561883888295,-3.7011850142817915]"
dbfs:/mnt/p11_mount/data/Test/pear_1/r0_231.jpg,pear_1,"[-4.984104113126052,-12.948520777143553]"
dbfs:/mnt/p11_mount/data/Test/pear_1/r1_147.jpg,pear_1,"[-5.018380953510807,-11.683236438811338]"
dbfs:/mnt/p11_mount/data/Test/pear_1/r1_235.jpg,pear_1,"[-4.329025943143909,-9.558021322769429]"
dbfs:/mnt/p11_mount/data/Test/apple_granny_smith_1/r1_55.jpg,apple_granny_smith_1,"[-2.876263047034798,1.6976480607577098]"
dbfs:/mnt/p11_mount/data/Test/apple_granny_smith_1/r1_63.jpg,apple_granny_smith_1,"[-3.1175217013067713,1.9032348724395811]"
dbfs:/mnt/p11_mount/data/Test/apple_granny_smith_1/r1_11.jpg,apple_granny_smith_1,"[-3.438403228974551,4.969013762448471]"
dbfs:/mnt/p11_mount/data/Test/pear_1/r1_83.jpg,pear_1,"[-3.21176058821508,-6.443619527695908]"
dbfs:/mnt/p11_mount/data/Test/apple_granny_smith_1/r1_219.jpg,apple_granny_smith_1,"[-3.7333624953815954,2.1676679023499865]"
dbfs:/mnt/p11_mount/data/Test/apple_granny_smith_1/r1_243.jpg,apple_granny_smith_1,"[-4.996975191473113,4.197710322854965]"
dbfs:/mnt/p11_mount/data/Test/apple_granny_smith_1/r0_83.jpg,apple_granny_smith_1,"[-6.163561330875779,4.09674264804783]"
dbfs:/mnt/p11_mount/data/Test/apple_granny_smith_1/r0_3.jpg,apple_granny_smith_1,"[-5.254342215989506,5.807826556979037]"
dbfs:/mnt/p11_mount/data/Test/apple_granny_smith_1/r1_119.jpg,apple_granny_smith_1,"[-5.0909543926114695,2.6564422595924775]"
dbfs:/mnt/p11_mount/data/Test/apple_granny_smith_1/r0_195.jpg,apple_granny_smith_1,"[-4.8480615533507345,2.545277038741844]"
dbfs:/mnt/p11_mount/data/Test/cucumber_3/r0_87.jpg,cucumber_3,"[11.29777489366021,-3.9174841448885234]"
dbfs:/mnt/p11_mount/data/Test/cucumber_3/r0_35.jpg,cucumber_3,"[13.521444135425947,-3.6433350400143243]"
dbfs:/mnt/p11_mount/data/Test/cucumber_3/r0_31.jpg,cucumber_3,"[14.70237502568632,-3.535051423699831]"
dbfs:/mnt/p11_mount/data/Test/cucumber_3/r0_255.jpg,cucumber_3,"[12.0211458489608,-3.189149548192613]"
dbfs:/mnt/p11_mount/data/Test/cucumber_3/r0_19.jpg,cucumber_3,"[14.015942275533986,-2.5208079679121895]"
dbfs:/mnt/p11_mount/data/Test/pear_1/r1_283.jpg,pear_1,"[-5.5128181410532715,-14.340540334522371]"
dbfs:/mnt/p11_mount/data/Test/pear_1/r0_71.jpg,pear_1,"[-4.524401418527974,-13.915675276205736]"
dbfs:/mnt/p11_mount/data/Test/pear_1/r0_43.jpg,pear_1,"[-2.5324247681750207,-14.010293956526889]"
dbfs:/mnt/p11_mount/data/Test/zucchini_1/r0_235.jpg,zucchini_1,"[10.737925215456556,-3.1981791975917133]"
dbfs:/mnt/p11_mount/data/Test/pear_1/r0_79.jpg,pear_1,"[-3.7839617384202766,-13.780888093841295]"
dbfs:/mnt/p11_mount/data/Test/zucchini_1/r0_159.jpg,zucchini_1,"[9.662722373604435,-3.3855075324959607]"
dbfs:/mnt/p11_mount/data/Test/zucchini_1/r0_103.jpg,zucchini_1,"[13.251405638029343,-4.6848176868117095]"
dbfs:/mnt/p11_mount/data/Test/zucchini_1/r0_15.jpg,zucchini_1,"[12.191866716494554,-5.211957985922085]"
dbfs:/mnt/p11_mount/data/Test/zucchini_1/r0_183.jpg,zucchini_1,"[9.17027146017684,-3.1092805900799685]"
dbfs:/mnt/p11_mount/data/Test/pear_1/r0_211.jpg,pear_1,"[-4.399138585654402,-12.282523737819206]"
dbfs:/mnt/p11_mount/data/Test/pear_1/r1_127.jpg,pear_1,"[-5.692249443775677,-11.73267883812761]"
dbfs:/mnt/p11_mount/data/Test/pear_1/r1_191.jpg,pear_1,"[-4.538029395864931,-8.450978100824265]"
dbfs:/mnt/p11_mount/data/Test/pear_1/r1_183.jpg,pear_1,"[-4.538950284529863,-11.336367595763734]"
dbfs:/mnt/p11_mount/data/Test/apple_granny_smith_1/r1_231.jpg,apple_granny_smith_1,"[-4.317982577385063,3.157211439927555]"
dbfs:/mnt/p11_mount/data/Test/pear_1/r1_203.jpg,pear_1,"[-4.708764403914411,-6.5304785183240925]"
dbfs:/mnt/p11_mount/data/Test/apple_granny_smith_1/r1_279.jpg,apple_granny_smith_1,"[-5.59615658306391,4.558504493806632]"
dbfs:/mnt/p11_mount/data/Test/apple_granny_smith_1/r0_91.jpg,apple_granny_smith_1,"[-6.206498615670414,5.033266039189848]"
dbfs:/mnt/p11_mount/data/Test/apple_granny_smith_1/r1_155.jpg,apple_granny_smith_1,"[-5.89893267876985,3.675396273949538]"
dbfs:/mnt/p11_mount/data/Test/apple_granny_smith_1/r0_179.jpg,apple_granny_smith_1,"[-4.460826869876304,2.4629468640342522]"
dbfs:/mnt/p11_mount/data/Test/apple_granny_smith_1/r0_191.jpg,apple_granny_smith_1,"[-4.449628273171742,1.750399010500459]"
dbfs:/mnt/p11_mount/data/Test/apple_granny_smith_1/r0_231.jpg,apple_granny_smith_1,"[-4.73803765836684,3.0804079352784277]"
dbfs:/mnt/p11_mount/data/Test/cucumber_3/r0_119.jpg,cucumber_3,"[9.148825129987266,-2.8933269044312273]"
dbfs:/mnt/p11_mount/data/Test/cucumber_3/r0_163.jpg,cucumber_3,"[9.743067117966302,-4.49200750091083]"
dbfs:/mnt/p11_mount/data/Test/cucumber_3/r0_323.jpg,cucumber_3,"[13.056530508134962,-2.1394508226008644]"
dbfs:/mnt/p11_mount/data/Test/cucumber_3/r0_59.jpg,cucumber_3,"[15.353441399065845,-3.494032241985615]"
dbfs:/mnt/p11_mount/data/Test/pear_1/r1_291.jpg,pear_1,"[-5.068368427848256,-14.260838108377746]"
dbfs:/mnt/p11_mount/data/Test/cucumber_3/r0_211.jpg,cucumber_3,"[10.420993700314673,-5.862549611558322]"
dbfs:/mnt/p11_mount/data/Test/pear_1/r0_7.jpg,pear_1,"[-4.088596325939043,-16.04560059753662]"
dbfs:/mnt/p11_mount/data/Test/pear_1/r0_307.jpg,pear_1,"[-4.3131328996547715,-14.636830422543586]"
dbfs:/mnt/p11_mount/data/Test/pear_1/r0_255.jpg,pear_1,"[-3.815647797687093,-13.376737661360858]"
dbfs:/mnt/p11_mount/data/Test/zucchini_1/r0_215.jpg,zucchini_1,"[10.813998089848269,-3.8239102575208674]"
dbfs:/mnt/p11_mount/data/Test/zucchini_1/r0_295.jpg,zucchini_1,"[12.415561430301338,-4.2342743013899184]"
dbfs:/mnt/p11_mount/data/Test/zucchini_1/r0_99.jpg,zucchini_1,"[14.323019507301986,-4.1911253878992065]"
dbfs:/mnt/p11_mount/data/Test/zucchini_1/r0_223.jpg,zucchini_1,"[9.696985412305587,-4.113568132300595]"
dbfs:/mnt/p11_mount/data/Test/zucchini_1/r0_271.jpg,zucchini_1,"[10.453055482293525,-3.857415517893025]"
dbfs:/mnt/p11_mount/data/Test/pear_1/r0_199.jpg,pear_1,"[-5.086590494850145,-12.623653917468237]"
dbfs:/mnt/p11_mount/data/Test/pear_1/r1_111.jpg,pear_1,"[-6.2598053724560065,-8.562147586237055]"
dbfs:/mnt/p11_mount/data/Test/pear_1/r1_115.jpg,pear_1,"[-5.565554705438596,-10.322933530879087]"
dbfs:/mnt/p11_mount/data/Test/apple_granny_smith_1/r1_67.jpg,apple_granny_smith_1,"[-2.669280597361007,2.210864387244753]"
dbfs:/mnt/p11_mount/data/Test/pear_1/r1_59.jpg,pear_1,"[-4.82233423914176,-3.6496761052466673]"
dbfs:/mnt/p11_mount/data/Test/pear_1/r1_55.jpg,pear_1,"[-4.710653924633999,-3.7937140143300603]"
dbfs:/mnt/p11_mount/data/Test/apple_granny_smith_1/r1_255.jpg,apple_granny_smith_1,"[-4.661622359603222,4.244132685673004]"
dbfs:/mnt/p11_mount/data/Test/apple_granny_smith_1/r0_71.jpg,apple_granny_smith_1,"[-5.886832054388653,3.302566356210132]"
dbfs:/mnt/p11_mount/data/Test/apple_granny_smith_1/r1_283.jpg,apple_granny_smith_1,"[-5.618674743443566,4.847787473728669]"
dbfs:/mnt/p11_mount/data/Test/apple_granny_smith_1/r0_163.jpg,apple_granny_smith_1,"[-5.512379866097286,2.7119790717587904]"
dbfs:/mnt/p11_mount/data/Test/apple_granny_smith_1/r1_123.jpg,apple_granny_smith_1,"[-5.3155700851635315,2.4872861487670423]"
dbfs:/mnt/p11_mount/data/Test/apple_granny_smith_1/r0_183.jpg,apple_granny_smith_1,"[-4.5666879826505875,2.4790795950480433]"
dbfs:/mnt/p11_mount/data/Test/cucumber_3/r0_99.jpg,cucumber_3,"[9.016146543145368,-3.017633388681839]"
dbfs:/mnt/p11_mount/data/Test/cucumber_3/r0_103.jpg,cucumber_3,"[9.218577819984025,-3.24941744979744]"
dbfs:/mnt/p11_mount/data/Test/cucumber_3/r0_183.jpg,cucumber_3,"[12.452521320770206,-5.256983364690155]"
dbfs:/mnt/p11_mount/data/Test/pear_1/r1_303.jpg,pear_1,"[-3.797164992022651,-14.476776322946623]"
dbfs:/mnt/p11_mount/data/Test/cucumber_3/r0_11.jpg,cucumber_3,"[13.398910129004829,-2.0915014458180385]"
dbfs:/mnt/p11_mount/data/Test/pear_1/r1_311.jpg,pear_1,"[-3.6496801563703305,-12.567266560101396]"
dbfs:/mnt/p11_mount/data/Test/pear_1/r0_295.jpg,pear_1,"[-3.6073579570264647,-15.51832528137998]"
dbfs:/mnt/p11_mount/data/Test/zucchini_1/r0_127.jpg,zucchini_1,"[13.20676292125743,-4.24347514716838]"
dbfs:/mnt/p11_mount/data/Test/zucchini_1/r0_79.jpg,zucchini_1,"[11.73073728538948,-5.202102326302445]"
dbfs:/mnt/p11_mount/data/Test/zucchini_1/r0_231.jpg,zucchini_1,"[11.507475665722069,-2.9042225205899266]"
dbfs:/mnt/p11_mount/data/Test/pear_1/r0_227.jpg,pear_1,"[-4.425382662746489,-12.071512576571013]"
dbfs:/mnt/p11_mount/data/Test/pear_1/r0_111.jpg,pear_1,"[-3.57865644573589,-14.817424659505594]"
dbfs:/mnt/p11_mount/data/Test/pear_1/r0_191.jpg,pear_1,"[-4.92400207103831,-12.495161704798525]"
dbfs:/mnt/p11_mount/data/Test/zucchini_1/r0_3.jpg,zucchini_1,"[8.340339667376817,-3.1419694113412455]"
dbfs:/mnt/p11_mount/data/Test/pear_1/r1_95.jpg,pear_1,"[-4.955503575408023,-6.3483193394098105]"
dbfs:/mnt/p11_mount/data/Test/pear_1/r1_99.jpg,pear_1,"[-5.025994086200253,-7.4228366139859]"
dbfs:/mnt/p11_mount/data/Test/apple_granny_smith_1/r0_107.jpg,apple_granny_smith_1,"[-5.165489465276885,4.890259167185047]"
dbfs:/mnt/p11_mount/data/Test/apple_granny_smith_1/r1_251.jpg,apple_granny_smith_1,"[-4.253081757167964,3.8283459658103953]"
dbfs:/mnt/p11_mount/data/Test/apple_granny_smith_1/r1_103.jpg,apple_granny_smith_1,"[-5.119655660820945,4.232974346560625]"
dbfs:/mnt/p11_mount/data/Test/apple_granny_smith_1/r0_143.jpg,apple_granny_smith_1,"[-4.648781264168451,2.146753271573068]"
dbfs:/mnt/p11_mount/data/Test/apple_granny_smith_1/r1_295.jpg,apple_granny_smith_1,"[-6.316636961649052,4.4520914314567515]"
dbfs:/mnt/p11_mount/data/Test/apple_granny_smith_1/r0_227.jpg,apple_granny_smith_1,"[-5.018832021228727,3.978179378099843]"
dbfs:/mnt/p11_mount/data/Test/apple_granny_smith_1/r0_7.jpg,apple_granny_smith_1,"[-5.703968937867012,5.290607714912333]"
dbfs:/mnt/p11_mount/data/Test/apple_granny_smith_1/r1_143.jpg,apple_granny_smith_1,"[-6.092505158050025,3.193743473141876]"
dbfs:/mnt/p11_mount/data/Test/apple_granny_smith_1/r0_75.jpg,apple_granny_smith_1,"[-5.084537647583989,3.278855928605408]"
dbfs:/mnt/p11_mount/data/Test/apple_granny_smith_1/r1_135.jpg,apple_granny_smith_1,"[-5.566658509802406,2.2708600462360633]"
dbfs:/mnt/p11_mount/data/Test/cucumber_3/r0_79.jpg,cucumber_3,"[12.68234953064423,-3.923222697982365]"
dbfs:/mnt/p11_mount/data/Test/cucumber_3/r0_139.jpg,cucumber_3,"[10.22451114479669,-3.909171518907497]"
dbfs:/mnt/p11_mount/data/Test/cucumber_3/r0_75.jpg,cucumber_3,"[13.752362235697557,-4.292698272515613]"
dbfs:/mnt/p11_mount/data/Test/cucumber_3/r0_251.jpg,cucumber_3,"[12.276400035530658,-3.917041078939032]"
dbfs:/mnt/p11_mount/data/Test/pear_1/r1_299.jpg,pear_1,"[-3.545521782244876,-14.392642513828882]"
dbfs:/mnt/p11_mount/data/Test/pear_1/r1_267.jpg,pear_1,"[-5.63353384040545,-13.773740795246542]"
dbfs:/mnt/p11_mount/data/Test/pear_1/r0_55.jpg,pear_1,"[-2.6417910022058164,-14.566290270368247]"
dbfs:/mnt/p11_mount/data/Test/zucchini_1/r0_123.jpg,zucchini_1,"[12.490749330500934,-3.9134570963591857]"
dbfs:/mnt/p11_mount/data/Test/pear_1/r0_279.jpg,pear_1,"[-3.8989358528018667,-14.719551483462151]"
dbfs:/mnt/p11_mount/data/Test/zucchini_1/r0_95.jpg,zucchini_1,"[12.922703971777022,-4.1113544982202495]"
dbfs:/mnt/p11_mount/data/Test/pear_1/r0_239.jpg,pear_1,"[-4.928028210335663,-13.328795628730415]"
dbfs:/mnt/p11_mount/data/Test/pear_1/r0_95.jpg,pear_1,"[-2.8063583922506643,-13.717709202035506]"
dbfs:/mnt/p11_mount/data/Test/pear_1/r0_131.jpg,pear_1,"[-5.696138689071897,-13.895893466618036]"
dbfs:/mnt/p11_mount/data/Test/pear_1/r0_171.jpg,pear_1,"[-5.259554600335994,-12.530965170702327]"
dbfs:/mnt/p11_mount/data/Test/pear_1/r1_155.jpg,pear_1,"[-5.220404098184664,-11.07382513109182]"
dbfs:/mnt/p11_mount/data/Test/apple_granny_smith_1/r1_47.jpg,apple_granny_smith_1,"[-2.3458758614678508,1.8580129354708261]"
dbfs:/mnt/p11_mount/data/Test/apple_granny_smith_1/r1_75.jpg,apple_granny_smith_1,"[-3.6872409900632945,2.80969043518612]"
dbfs:/mnt/p11_mount/data/Test/apple_granny_smith_1/r1_223.jpg,apple_granny_smith_1,"[-3.9404009581258834,2.1165031767638065]"
dbfs:/mnt/p11_mount/data/Test/pear_1/r1_67.jpg,pear_1,"[-4.507520397358616,-3.8778550333928026]"
dbfs:/mnt/p11_mount/data/Test/pear_1/r1_211.jpg,pear_1,"[-2.7763175848127903,-4.652331381688346]"
dbfs:/mnt/p11_mount/data/Test/apple_granny_smith_1/r1_167.jpg,apple_granny_smith_1,"[-5.008630027873576,3.7467270062380242]"
dbfs:/mnt/p11_mount/data/Test/apple_granny_smith_1/r0_55.jpg,apple_granny_smith_1,"[-5.424519925885193,4.0686208083289825]"
dbfs:/mnt/p11_mount/data/Test/apple_granny_smith_1/r0_239.jpg,apple_granny_smith_1,"[-5.321943518782946,2.926634367917926]"
dbfs:/mnt/p11_mount/data/Test/apple_granny_smith_1/r0_319.jpg,apple_granny_smith_1,"[-5.117570928661474,5.146156751375186]"
dbfs:/mnt/p11_mount/data/Test/apple_granny_smith_1/r0_19.jpg,apple_granny_smith_1,"[-5.137600944905164,5.100760654031374]"
dbfs:/mnt/p11_mount/data/Test/apple_granny_smith_1/r0_259.jpg,apple_granny_smith_1,"[-4.940478584407333,2.9281702472103404]"
dbfs:/mnt/p11_mount/data/Test/cucumber_3/r0_235.jpg,cucumber_3,"[13.42897700717826,-4.975958548210162]"
dbfs:/mnt/p11_mount/data/Test/cucumber_3/r0_43.jpg,cucumber_3,"[14.07221980029188,-3.177699214924768]"
dbfs:/mnt/p11_mount/data/Test/cucumber_3/r0_299.jpg,cucumber_3,"[11.790015855152221,-2.6242024028109125]"
dbfs:/mnt/p11_mount/data/Test/cucumber_3/r0_287.jpg,cucumber_3,"[10.577799474826799,-1.6345863589432175]"
dbfs:/mnt/p11_mount/data/Test/cucumber_3/r0_223.jpg,cucumber_3,"[13.234817195698442,-6.280381582354781]"
dbfs:/mnt/p11_mount/data/Test/pear_1/r0_35.jpg,pear_1,"[-3.0575822178050807,-14.443851897081505]"
dbfs:/mnt/p11_mount/data/Test/pear_1/r1_307.jpg,pear_1,"[-4.195621006507173,-14.0239345034878]"
dbfs:/mnt/p11_mount/data/Test/pear_1/r0_23.jpg,pear_1,"[-4.140714766944703,-14.825105582820546]"
dbfs:/mnt/p11_mount/data/Test/zucchini_1/r0_67.jpg,zucchini_1,"[12.320794166321868,-3.2316086790181293]"
dbfs:/mnt/p11_mount/data/Test/zucchini_1/r0_243.jpg,zucchini_1,"[10.286594613983503,-3.849353639734202]"
dbfs:/mnt/p11_mount/data/Test/zucchini_1/r0_303.jpg,zucchini_1,"[12.206107590621016,-5.399527100115198]"
dbfs:/mnt/p11_mount/data/Test/zucchini_1/r0_195.jpg,zucchini_1,"[8.165338912142767,-3.6996948601845965]"
dbfs:/mnt/p11_mount/data/Test/zucchini_1/r0_191.jpg,zucchini_1,"[9.793550109030548,-3.289858380168032]"
dbfs:/mnt/p11_mount/data/Test/pear_1/r1_243.jpg,pear_1,"[-4.267973225803762,-12.326051532549698]"
dbfs:/mnt/p11_mount/data/Test/zucchini_1/r0_247.jpg,zucchini_1,"[12.26076505474908,-3.7623015733474596]"
dbfs:/mnt/p11_mount/data/Test/pear_1/r0_183.jpg,pear_1,"[-5.1436199564249625,-12.297535435240729]"
dbfs:/mnt/p11_mount/data/Test/pear_1/r1_27.jpg,pear_1,"[-4.956847770565061,-7.814246554529023]"
dbfs:/mnt/p11_mount/data/Test/pear_1/r1_35.jpg,pear_1,"[-4.7402793861314425,-5.800726065087202]"
dbfs:/mnt/p11_mount/data/Test/apple_granny_smith_1/r1_239.jpg,apple_granny_smith_1,"[-5.317166046058455,3.5887124182442967]"
dbfs:/mnt/p11_mount/data/Test/apple_granny_smith_1/r1_227.jpg,apple_granny_smith_1,"[-4.237081589429994,2.619498799112874]"
dbfs:/mnt/p11_mount/data/Test/apple_granny_smith_1/r1_215.jpg,apple_granny_smith_1,"[-3.690934164575021,1.943708432611973]"
dbfs:/mnt/p11_mount/data/Test/apple_granny_smith_1/r0_131.jpg,apple_granny_smith_1,"[-5.547268870398136,1.438233978198018]"
dbfs:/mnt/p11_mount/data/Test/apple_granny_smith_1/r0_299.jpg,apple_granny_smith_1,"[-4.222465588896492,3.340445320529328]"
dbfs:/mnt/p11_mount/data/Test/apple_granny_smith_1/r0_267.jpg,apple_granny_smith_1,"[-4.502844718603914,2.6610844988550606]"
dbfs:/mnt/p11_mount/data/Test/apple_granny_smith_1/r0_39.jpg,apple_granny_smith_1,"[-4.873180093172325,4.968967475544576]"
dbfs:/mnt/p11_mount/data/Test/cucumber_3/r0_15.jpg,cucumber_3,"[12.74926498999135,-1.9189170379338425]"
dbfs:/mnt/p11_mount/data/Test/cucumber_3/r0_147.jpg,cucumber_3,"[11.452783459528955,-4.1487448620609655]"
dbfs:/mnt/p11_mount/data/Test/cucumber_3/r0_3.jpg,cucumber_3,"[13.229428475231945,-2.048883752593965]"
dbfs:/mnt/p11_mount/data/Test/cucumber_3/r0_311.jpg,cucumber_3,"[12.246960038729972,-3.000595504454034]"
dbfs:/mnt/p11_mount/data/Test/pear_1/r1_275.jpg,pear_1,"[-6.142749255836479,-14.078918183315887]"
dbfs:/mnt/p11_mount/data/Test/pear_1/r0_3.jpg,pear_1,"[-3.849506170459862,-15.00246660895651]"
dbfs:/mnt/p11_mount/data/Test/pear_1/r0_67.jpg,pear_1,"[-3.148821476263784,-13.547804182218021]"
dbfs:/mnt/p11_mount/data/Test/pear_1/r0_311.jpg,pear_1,"[-4.254771453101875,-14.950472581999135]"
dbfs:/mnt/p11_mount/data/Test/zucchini_1/r0_283.jpg,zucchini_1,"[12.885595325571702,-4.72131346783651]"
dbfs:/mnt/p11_mount/data/Test/zucchini_1/r0_203.jpg,zucchini_1,"[9.800640562111168,-4.48516758726791]"
dbfs:/mnt/p11_mount/data/Test/pear_1/r1_3.jpg,pear_1,"[-3.4826139810235697,-12.862275218861477]"
dbfs:/mnt/p11_mount/data/Test/zucchini_1/r0_251.jpg,zucchini_1,"[13.984601012885378,-3.289558355706324]"
dbfs:/mnt/p11_mount/data/Test/pear_1/r0_99.jpg,pear_1,"[-3.0527703748955903,-13.75373136956634]"
dbfs:/mnt/p11_mount/data/Test/pear_1/r0_219.jpg,pear_1,"[-4.886114976794696,-12.390333231424627]"
dbfs:/mnt/p11_mount/data/Test/pear_1/r0_167.jpg,pear_1,"[-5.190140457023588,-12.040880533152334]"
dbfs:/mnt/p11_mount/data/Test/pear_1/r1_187.jpg,pear_1,"[-4.462916102611572,-10.375008802990674]"
dbfs:/mnt/p11_mount/data/Test/apple_granny_smith_1/r1_19.jpg,apple_granny_smith_1,"[-3.6659376315995527,4.780158788706486]"
dbfs:/mnt/p11_mount/data/Test/pear_1/r1_227.jpg,pear_1,"[-3.6347016467073248,-5.27850148503167]"
dbfs:/mnt/p11_mount/data/Test/pear_1/r1_63.jpg,pear_1,"[-5.043408642922827,-3.910352755772327]"
dbfs:/mnt/p11_mount/data/Test/apple_granny_smith_1/r1_267.jpg,apple_granny_smith_1,"[-4.709660702527308,4.60391024721167]"
dbfs:/mnt/p11_mount/data/Test/apple_granny_smith_1/r1_263.jpg,apple_granny_smith_1,"[-4.923415997261412,4.580449485210829]"
dbfs:/mnt/p11_mount/data/Test/apple_granny_smith_1/r1_307.jpg,apple_granny_smith_1,"[-4.60170575680449,5.064709284947589]"
dbfs:/mnt/p11_mount/data/Test/apple_granny_smith_1/r0_31.jpg,apple_granny_smith_1,"[-5.300283118293151,5.098192100293434]"
dbfs:/mnt/p11_mount/data/Test/apple_granny_smith_1/r1_147.jpg,apple_granny_smith_1,"[-6.060738981142539,3.6265218157531423]"
dbfs:/mnt/p11_mount/data/Test/apple_granny_smith_1/r0_311.jpg,apple_granny_smith_1,"[-4.958448680191234,4.67928614886925]"
dbfs:/mnt/p11_mount/data/Test/cucumber_3/r0_179.jpg,cucumber_3,"[11.554921019867507,-4.678780379146508]"
dbfs:/mnt/p11_mount/data/Test/cucumber_3/r0_319.jpg,cucumber_3,"[12.39886561724766,-1.741895075064979]"
dbfs:/mnt/p11_mount/data/Test/pear_1/r1_279.jpg,pear_1,"[-6.134776262243079,-14.372334836215977]"
dbfs:/mnt/p11_mount/data/Test/pear_1/r0_59.jpg,pear_1,"[-3.276635513841967,-13.998032127578895]"
dbfs:/mnt/p11_mount/data/Test/pear_1/r0_83.jpg,pear_1,"[-3.465733897497973,-13.388981360806179]"
dbfs:/mnt/p11_mount/data/Test/zucchini_1/r0_71.jpg,zucchini_1,"[11.682418023675424,-4.802085766963584]"
dbfs:/mnt/p11_mount/data/Test/zucchini_1/r0_167.jpg,zucchini_1,"[10.077410102754959,-3.4460707912795123]"
dbfs:/mnt/p11_mount/data/Test/zucchini_1/r0_239.jpg,zucchini_1,"[8.819015357014184,-2.660440134759951]"
dbfs:/mnt/p11_mount/data/Test/pear_1/r1_247.jpg,pear_1,"[-5.841298565633695,-12.893743510441826]"
dbfs:/mnt/p11_mount/data/Test/zucchini_1/r0_75.jpg,zucchini_1,"[10.452018930314907,-4.675932501346531]"
dbfs:/mnt/p11_mount/data/Test/zucchini_1/r0_187.jpg,zucchini_1,"[9.78556301989671,-3.4256528560686754]"
dbfs:/mnt/p11_mount/data/Test/pear_1/r1_239.jpg,pear_1,"[-5.082117894266413,-10.657364706558766]"
dbfs:/mnt/p11_mount/data/Test/pear_1/r1_23.jpg,pear_1,"[-4.013896457927334,-8.098706711483306]"
dbfs:/mnt/p11_mount/data/Test/pear_1/r1_43.jpg,pear_1,"[-4.324915828206824,-5.313629854019804]"
dbfs:/mnt/p11_mount/data/Test/apple_granny_smith_1/r1_247.jpg,apple_granny_smith_1,"[-4.898423703866,3.9047106191779877]"
dbfs:/mnt/p11_mount/data/Test/apple_granny_smith_1/r1_275.jpg,apple_granny_smith_1,"[-5.751072035278215,4.9043524917638655]"
dbfs:/mnt/p11_mount/data/Test/apple_granny_smith_1/r1_311.jpg,apple_granny_smith_1,"[-4.721449999921436,5.71090568478109]"
dbfs:/mnt/p11_mount/data/Test/apple_granny_smith_1/r0_167.jpg,apple_granny_smith_1,"[-5.052506892777265,2.960797103318602]"
dbfs:/mnt/p11_mount/data/Test/apple_granny_smith_1/r1_183.jpg,apple_granny_smith_1,"[-2.7535600463149574,2.59816680206866]"
dbfs:/mnt/p11_mount/data/Test/apple_granny_smith_1/r0_315.jpg,apple_granny_smith_1,"[-4.585475004181138,4.894581308167709]"
dbfs:/mnt/p11_mount/data/Test/apple_granny_smith_1/r0_63.jpg,apple_granny_smith_1,"[-5.372521078503404,3.640853729555216]"
dbfs:/mnt/p11_mount/data/Test/apple_granny_smith_1/r0_295.jpg,apple_granny_smith_1,"[-4.317151960027912,3.7470828769942224]"
dbfs:/mnt/p11_mount/data/Test/apple_granny_smith_1/r0_223.jpg,apple_granny_smith_1,"[-4.502680868398347,4.903202493994001]"
dbfs:/mnt/p11_mount/data/Test/apple_granny_smith_1/r0_255.jpg,apple_granny_smith_1,"[-4.602144245655707,3.6033470403137193]"
dbfs:/mnt/p11_mount/data/Test/cucumber_3/r0_115.jpg,cucumber_3,"[9.212839652911278,-2.777365221583281]"
dbfs:/mnt/p11_mount/data/Test/cucumber_3/r0_131.jpg,cucumber_3,"[8.530533022151104,-3.190233072703642]"
dbfs:/mnt/p11_mount/data/Test/cucumber_3/r0_39.jpg,cucumber_3,"[13.852667993404719,-3.3278346277694695]"
dbfs:/mnt/p11_mount/data/Test/cucumber_3/r0_283.jpg,cucumber_3,"[9.13273487241317,-2.2188500396732462]"
dbfs:/mnt/p11_mount/data/Test/pear_1/r0_31.jpg,pear_1,"[-3.152936680104407,-15.64272332436818]"
dbfs:/mnt/p11_mount/data/Test/cucumber_3/r0_187.jpg,cucumber_3,"[12.040662000822621,-5.007671882645351]"
dbfs:/mnt/p11_mount/data/Test/zucchini_1/r0_143.jpg,zucchini_1,"[9.411614414992718,-2.877553615964231]"
dbfs:/mnt/p11_mount/data/Test/pear_1/r0_19.jpg,pear_1,"[-4.039273683102217,-14.462672787925793]"
dbfs:/mnt/p11_mount/data/Test/zucchini_1/r0_107.jpg,zucchini_1,"[13.135595217425267,-5.553679838730006]"
dbfs:/mnt/p11_mount/data/Test/zucchini_1/r0_219.jpg,zucchini_1,"[9.233067260711794,-3.5976354407168727]"
dbfs:/mnt/p11_mount/data/Test/zucchini_1/r0_135.jpg,zucchini_1,"[13.305612206661518,-4.246591724505214]"
dbfs:/mnt/p11_mount/data/Test/pear_1/r0_243.jpg,pear_1,"[-4.731999339651356,-12.844467283227587]"
dbfs:/mnt/p11_mount/data/Test/pear_1/r1_11.jpg,pear_1,"[-4.337721815815449,-11.967147737431157]"
dbfs:/mnt/p11_mount/data/Test/pear_1/r1_143.jpg,pear_1,"[-5.044144616877366,-12.192671071991624]"
dbfs:/mnt/p11_mount/data/Test/pear_1/r1_123.jpg,pear_1,"[-5.86563737291501,-10.613281928823618]"
dbfs:/mnt/p11_mount/data/Test/apple_granny_smith_1/r1_71.jpg,apple_granny_smith_1,"[-3.4428090560390747,2.6090926587534273]"
dbfs:/mnt/p11_mount/data/Test/pear_1/r1_195.jpg,pear_1,"[-4.446218241668139,-7.5007602662995225]"
dbfs:/mnt/p11_mount/data/Test/pear_1/r1_199.jpg,pear_1,"[-4.572780355989769,-7.981769283477945]"
dbfs:/mnt/p11_mount/data/Test/apple_granny_smith_1/r1_27.jpg,apple_granny_smith_1,"[-4.117838226892804,4.352059149544871]"
dbfs:/mnt/p11_mount/data/Test/apple_granny_smith_1/r1_319.jpg,apple_granny_smith_1,"[-3.824359596854737,4.838192346171515]"
dbfs:/mnt/p11_mount/data/Test/apple_granny_smith_1/r1_203.jpg,apple_granny_smith_1,"[-4.030105410123626,1.5208120808193235]"
dbfs:/mnt/p11_mount/data/Test/apple_granny_smith_1/r0_155.jpg,apple_granny_smith_1,"[-4.995877413887363,2.7056703213977062]"
dbfs:/mnt/p11_mount/data/Test/apple_granny_smith_1/r1_303.jpg,apple_granny_smith_1,"[-4.204195767656139,4.947194262970691]"
dbfs:/mnt/p11_mount/data/Test/apple_granny_smith_1/r0_15.jpg,apple_granny_smith_1,"[-6.132787008468494,5.511417298644121]"
dbfs:/mnt/p11_mount/data/Test/cucumber_3/r0_135.jpg,cucumber_3,"[8.825377474781593,-3.4886217290210224]"
dbfs:/mnt/p11_mount/data/Test/cucumber_3/r0_159.jpg,cucumber_3,"[9.94300779497087,-4.520643404207678]"
dbfs:/mnt/p11_mount/data/Test/cucumber_3/r0_279.jpg,cucumber_3,"[10.078500951826008,-2.866358247554576]"
dbfs:/mnt/p11_mount/data/Test/cucumber_3/r0_47.jpg,cucumber_3,"[15.135903576882829,-3.0381980521202876]"
dbfs:/mnt/p11_mount/data/Test/cucumber_3/r0_199.jpg,cucumber_3,"[8.927772714408693,-3.976546599441955]"
dbfs:/mnt/p11_mount/data/Test/cucumber_3/r0_227.jpg,cucumber_3,"[13.516100836631159,-5.970755845063946]"
dbfs:/mnt/p11_mount/data/Test/pear_1/r0_51.jpg,pear_1,"[-2.821854526223817,-14.061350139817744]"
dbfs:/mnt/p11_mount/data/Test/pear_1/r0_27.jpg,pear_1,"[-4.075428566748746,-14.873562033268138]"
dbfs:/mnt/p11_mount/data/Test/zucchini_1/r0_27.jpg,zucchini_1,"[9.890126350227641,-3.5603166360147513]"
dbfs:/mnt/p11_mount/data/Test/zucchini_1/r0_307.jpg,zucchini_1,"[13.747299956608963,-4.939217516966295]"
dbfs:/mnt/p11_mount/data/Test/zucchini_1/r0_291.jpg,zucchini_1,"[13.553934483828193,-3.6893725366444987]"
dbfs:/mnt/p11_mount/data/Test/zucchini_1/r0_39.jpg,zucchini_1,"[11.592337944935373,-3.390707935013498]"
dbfs:/mnt/p11_mount/data/Test/pear_1/r1_139.jpg,pear_1,"[-6.1116993051208475,-12.221360878837375]"
dbfs:/mnt/p11_mount/data/Test/pear_1/r1_163.jpg,pear_1,"[-5.41267426486152,-11.674218777834808]"
dbfs:/mnt/p11_mount/data/Test/pear_1/r1_131.jpg,pear_1,"[-5.838290543940088,-12.161725462087743]"
dbfs:/mnt/p11_mount/data/Test/apple_granny_smith_1/r1_79.jpg,apple_granny_smith_1,"[-4.42624153288822,2.6729106687590036]"
dbfs:/mnt/p11_mount/data/Test/pear_1/r1_47.jpg,pear_1,"[-4.382197334532804,-4.547632492929184]"
dbfs:/mnt/p11_mount/data/Test/apple_granny_smith_1/r1_7.jpg,apple_granny_smith_1,"[-3.553264546134967,5.235691940514609]"
dbfs:/mnt/p11_mount/data/Test/apple_granny_smith_1/r0_103.jpg,apple_granny_smith_1,"[-6.084286055794688,4.881161870127325]"
dbfs:/mnt/p11_mount/data/Test/apple_granny_smith_1/r1_3.jpg,apple_granny_smith_1,"[-3.4018005886069584,4.938902379678085]"
dbfs:/mnt/p11_mount/data/Test/apple_granny_smith_1/r0_287.jpg,apple_granny_smith_1,"[-4.442124029050951,3.759900588325708]"
dbfs:/mnt/p11_mount/data/Test/apple_granny_smith_1/r1_171.jpg,apple_granny_smith_1,"[-4.573269935019447,3.043723666155389]"
dbfs:/mnt/p11_mount/data/Test/apple_granny_smith_1/r1_139.jpg,apple_granny_smith_1,"[-5.71693263211176,2.545747423918673]"
dbfs:/mnt/p11_mount/data/Test/cucumber_3/r0_91.jpg,cucumber_3,"[10.804532687961533,-4.022784518394821]"
dbfs:/mnt/p11_mount/data/Test/cucumber_3/r0_315.jpg,cucumber_3,"[12.212479448337362,-2.874048647233181]"
dbfs:/mnt/p11_mount/data/Test/pear_1/r1_315.jpg,pear_1,"[-3.9087154022539314,-13.500819169575172]"
dbfs:/mnt/p11_mount/data/Test/pear_1/r0_323.jpg,pear_1,"[-4.217603945580466,-15.121344685016116]"
dbfs:/mnt/p11_mount/data/Test/zucchini_1/r0_47.jpg,zucchini_1,"[10.472488179725797,-3.254794364939867]"
dbfs:/mnt/p11_mount/data/Test/pear_1/r1_323.jpg,pear_1,"[-4.000104877656202,-12.410422481817246]"
dbfs:/mnt/p11_mount/data/Test/zucchini_1/r0_287.jpg,zucchini_1,"[15.168900381353044,-4.493867092930881]"
dbfs:/mnt/p11_mount/data/Test/zucchini_1/r0_227.jpg,zucchini_1,"[11.74353061380881,-3.5661542020752175]"
dbfs:/mnt/p11_mount/data/Test/zucchini_1/r0_151.jpg,zucchini_1,"[8.825499204999266,-3.207653922289313]"
dbfs:/mnt/p11_mount/data/Test/pear_1/r0_107.jpg,pear_1,"[-3.3362683519408756,-13.371283019326269]"
dbfs:/mnt/p11_mount/data/Test/pear_1/r0_203.jpg,pear_1,"[-4.457286735520394,-12.65370228610309]"
dbfs:/mnt/p11_mount/data/Test/pear_1/r0_147.jpg,pear_1,"[-5.675977822358884,-12.578998092406849]"
dbfs:/mnt/p11_mount/data/Test/pear_1/r0_187.jpg,pear_1,"[-4.314311052807651,-12.460122111519508]"
dbfs:/mnt/p11_mount/data/Test/pear_1/r1_31.jpg,pear_1,"[-5.494999490988453,-7.007685851162055]"
dbfs:/mnt/p11_mount/data/Test/apple_granny_smith_1/r1_95.jpg,apple_granny_smith_1,"[-5.0318864442200075,2.65071416415422]"
dbfs:/mnt/p11_mount/data/Test/apple_granny_smith_1/r0_123.jpg,apple_granny_smith_1,"[-4.7073461697767485,3.6053443261898583]"
dbfs:/mnt/p11_mount/data/Test/apple_granny_smith_1/r1_315.jpg,apple_granny_smith_1,"[-4.366608741711118,5.136121475267191]"
dbfs:/mnt/p11_mount/data/Test/apple_granny_smith_1/r0_271.jpg,apple_granny_smith_1,"[-4.85704357423645,2.9963876045101645]"
dbfs:/mnt/p11_mount/data/Test/apple_granny_smith_1/r0_291.jpg,apple_granny_smith_1,"[-4.871044729556232,3.8140372073756543]"
dbfs:/mnt/p11_mount/data/Test/apple_granny_smith_1/r0_247.jpg,apple_granny_smith_1,"[-5.011373291679786,3.6141402546121246]"
dbfs:/mnt/p11_mount/data/Test/apple_granny_smith_1/r0_27.jpg,apple_granny_smith_1,"[-5.160839419382772,5.25410896900005]"
dbfs:/mnt/p11_mount/data/Test/apple_granny_smith_1/r1_127.jpg,apple_granny_smith_1,"[-4.102966474636648,2.285183437851308]"
dbfs:/mnt/p11_mount/data/Test/cucumber_3/r0_127.jpg,cucumber_3,"[8.71465070159577,-3.3061959272018213]"
dbfs:/mnt/p11_mount/data/Test/cucumber_3/r0_55.jpg,cucumber_3,"[15.385446752082412,-3.723903429338127]"
dbfs:/mnt/p11_mount/data/Test/cucumber_3/r0_263.jpg,cucumber_3,"[11.567429765805437,-3.680549626677414]"
dbfs:/mnt/p11_mount/data/Test/cucumber_3/r0_195.jpg,cucumber_3,"[11.33781051555048,-4.99354694993404]"
dbfs:/mnt/p11_mount/data/Test/pear_1/r0_319.jpg,pear_1,"[-3.740059377600447,-14.277727341451044]"
dbfs:/mnt/p11_mount/data/Test/pear_1/r1_255.jpg,pear_1,"[-6.397555898776585,-12.944665449185868]"
dbfs:/mnt/p11_mount/data/Test/zucchini_1/r0_315.jpg,zucchini_1,"[12.16341648007195,-4.034331187639439]"
dbfs:/mnt/p11_mount/data/Test/zucchini_1/r0_319.jpg,zucchini_1,"[13.741593592574175,-4.263837880982408]"
dbfs:/mnt/p11_mount/data/Test/zucchini_1/r0_171.jpg,zucchini_1,"[11.326443173393663,-3.249529868692608]"
dbfs:/mnt/p11_mount/data/Test/zucchini_1/r0_211.jpg,zucchini_1,"[11.973051510271976,-4.039768336949576]"
dbfs:/mnt/p11_mount/data/Test/pear_1/r0_223.jpg,pear_1,"[-4.597120238637311,-12.769542100406237]"
dbfs:/mnt/p11_mount/data/Test/pear_1/r0_151.jpg,pear_1,"[-5.074741259054181,-12.643494541467991]"
dbfs:/mnt/p11_mount/data/Test/pear_1/r1_159.jpg,pear_1,"[-4.336321767454958,-11.556029989029987]"
dbfs:/mnt/p11_mount/data/Test/apple_granny_smith_1/r1_59.jpg,apple_granny_smith_1,"[-2.909012673460482,2.1325465631897553]"
dbfs:/mnt/p11_mount/data/Test/apple_granny_smith_1/r1_83.jpg,apple_granny_smith_1,"[-4.545688378997394,2.779668244814855]"
dbfs:/mnt/p11_mount/data/Test/apple_granny_smith_1/r1_211.jpg,apple_granny_smith_1,"[-3.814643444439692,1.1642616025941512]"
dbfs:/mnt/p11_mount/data/Test/apple_granny_smith_1/r1_199.jpg,apple_granny_smith_1,"[-4.222098109357573,1.9868145614375403]"
dbfs:/mnt/p11_mount/data/Test/apple_granny_smith_1/r0_135.jpg,apple_granny_smith_1,"[-4.73499941933927,2.3411476973345153]"
dbfs:/mnt/p11_mount/data/Test/apple_granny_smith_1/r0_263.jpg,apple_granny_smith_1,"[-4.97448606334414,3.1438753219842135]"
dbfs:/mnt/p11_mount/data/Test/apple_granny_smith_1/r0_51.jpg,apple_granny_smith_1,"[-4.767106492034601,4.067559546423339]"
dbfs:/mnt/p11_mount/data/Test/apple_granny_smith_1/r0_175.jpg,apple_granny_smith_1,"[-5.42059923839721,3.1815352975437787]"
dbfs:/mnt/p11_mount/data/Test/apple_granny_smith_1/r0_199.jpg,apple_granny_smith_1,"[-4.762974010290777,2.5018721219565463]"
dbfs:/mnt/p11_mount/data/Test/cucumber_3/r0_107.jpg,cucumber_3,"[9.365985055631619,-3.058566185134032]"
dbfs:/mnt/p11_mount/data/Test/cucumber_3/r0_63.jpg,cucumber_3,"[14.346896734401255,-3.524532123634381]"
dbfs:/mnt/p11_mount/data/Test/cucumber_3/r0_191.jpg,cucumber_3,"[11.646556070269103,-5.188515006726767]"
dbfs:/mnt/p11_mount/data/Test/pear_1/r0_39.jpg,pear_1,"[-3.255996197407323,-13.790825167854573]"
dbfs:/mnt/p11_mount/data/Test/pear_1/r0_87.jpg,pear_1,"[-3.343029970126372,-14.072869361126992]"
dbfs:/mnt/p11_mount/data/Test/zucchini_1/r0_87.jpg,zucchini_1,"[11.906348107279822,-4.4163387826955205]"
dbfs:/mnt/p11_mount/data/Test/zucchini_1/r0_7.jpg,zucchini_1,"[8.361299188069545,-2.600644130741693]"
dbfs:/mnt/p11_mount/data/Test/pear_1/r0_103.jpg,pear_1,"[-3.3450426033954206,-14.186909091848165]"
dbfs:/mnt/p11_mount/data/Test/pear_1/r1_15.jpg,pear_1,"[-4.435559812810055,-11.952967698693248]"
dbfs:/mnt/p11_mount/data/Test/zucchini_1/r0_63.jpg,zucchini_1,"[11.75752017162873,-2.532034539352975]"
dbfs:/mnt/p11_mount/data/Test/pear_1/r1_175.jpg,pear_1,"[-3.216641111576703,-10.994030847702687]"
dbfs:/mnt/p11_mount/data/Test/pear_1/r1_19.jpg,pear_1,"[-4.553074264037806,-10.20519465537472]"
dbfs:/mnt/p11_mount/data/Test/apple_granny_smith_1/r1_35.jpg,apple_granny_smith_1,"[-3.558147160725262,3.1164339208784413]"
dbfs:/mnt/p11_mount/data/Test/apple_granny_smith_1/r1_43.jpg,apple_granny_smith_1,"[-2.8445322287536574,2.5733434728662874]"
dbfs:/mnt/p11_mount/data/Test/apple_granny_smith_1/r0_119.jpg,apple_granny_smith_1,"[-4.1358496753812055,3.4695474145068586]"
dbfs:/mnt/p11_mount/data/Test/apple_granny_smith_1/r0_127.jpg,apple_granny_smith_1,"[-4.607139984451055,2.24734588892217]"
dbfs:/mnt/p11_mount/data/Test/apple_granny_smith_1/r0_275.jpg,apple_granny_smith_1,"[-5.02426701194066,3.506747070902704]"
dbfs:/mnt/p11_mount/data/Test/apple_granny_smith_1/r1_195.jpg,apple_granny_smith_1,"[-3.8371449344144244,2.036707226520372]"
dbfs:/mnt/p11_mount/data/Test/apple_granny_smith_1/r0_187.jpg,apple_granny_smith_1,"[-4.513309328452769,2.27927251356403]"
dbfs:/mnt/p11_mount/data/Test/apple_granny_smith_1/r0_243.jpg,apple_granny_smith_1,"[-5.139136149610213,3.1776752652943347]"
dbfs:/mnt/p11_mount/data/Test/apple_granny_smith_1/r1_115.jpg,apple_granny_smith_1,"[-6.292957227884635,3.198249232261162]"
dbfs:/mnt/p11_mount/data/Test/apple_granny_smith_1/r1_131.jpg,apple_granny_smith_1,"[-5.364912689775397,2.2485432881570198]"
dbfs:/mnt/p11_mount/data/Test/cucumber_3/r0_175.jpg,cucumber_3,"[11.395059443236981,-4.4690122292532175]"
dbfs:/mnt/p11_mount/data/Test/cucumber_3/r0_295.jpg,cucumber_3,"[12.145646737092914,-2.7828332329234318]"
dbfs:/mnt/p11_mount/data/Test/cucumber_3/r0_243.jpg,cucumber_3,"[11.827361172711186,-4.37318433100158]"
dbfs:/mnt/p11_mount/data/Test/pear_1/r0_15.jpg,pear_1,"[-3.7227593010728732,-15.065453619570476]"
dbfs:/mnt/p11_mount/data/Test/pear_1/r0_275.jpg,pear_1,"[-3.1823249395816564,-14.619540718323316]"
dbfs:/mnt/p11_mount/data/Test/zucchini_1/r0_259.jpg,zucchini_1,"[11.610683938911588,-3.7614576120995515]"
dbfs:/mnt/p11_mount/data/Test/pear_1/r0_267.jpg,pear_1,"[-4.239504313376787,-14.730230276559887]"
dbfs:/mnt/p11_mount/data/Test/zucchini_1/r0_111.jpg,zucchini_1,"[12.406174429873518,-5.393687308814987]"
dbfs:/mnt/p11_mount/data/Test/zucchini_1/r0_207.jpg,zucchini_1,"[12.125761101938295,-4.674991075534395]"
dbfs:/mnt/p11_mount/data/Test/zucchini_1/r0_59.jpg,zucchini_1,"[13.777279373507556,-3.593303711752869]"
dbfs:/mnt/p11_mount/data/Test/pear_1/r0_207.jpg,pear_1,"[-4.870835694784604,-13.347898112994635]"
dbfs:/mnt/p11_mount/data/Test/pear_1/r1_167.jpg,pear_1,"[-4.927468278216811,-12.15183078970745]"
dbfs:/mnt/p11_mount/data/Test/pear_1/r0_175.jpg,pear_1,"[-4.978965022991955,-11.612647680579347]"
dbfs:/mnt/p11_mount/data/Test/pear_1/r1_39.jpg,pear_1,"[-4.671153610431422,-4.995412889180127]"
dbfs:/mnt/p11_mount/data/Test/apple_granny_smith_1/r1_271.jpg,apple_granny_smith_1,"[-4.61594950767115,4.706687838839002]"
dbfs:/mnt/p11_mount/data/Test/pear_1/r1_215.jpg,pear_1,"[-1.9369094588639069,-2.5803559984474567]"
dbfs:/mnt/p11_mount/data/Test/apple_granny_smith_1/r1_187.jpg,apple_granny_smith_1,"[-3.460287408659236,2.526753204942843]"
dbfs:/mnt/p11_mount/data/Test/apple_granny_smith_1/r1_287.jpg,apple_granny_smith_1,"[-5.540060349027464,4.418765479426119]"
dbfs:/mnt/p11_mount/data/Test/apple_granny_smith_1/r0_59.jpg,apple_granny_smith_1,"[-5.743329013316847,3.7786249324934453]"
dbfs:/mnt/p11_mount/data/Test/apple_granny_smith_1/r0_47.jpg,apple_granny_smith_1,"[-5.0845378107365,4.26394744714246]"
dbfs:/mnt/p11_mount/data/Test/apple_granny_smith_1/r0_147.jpg,apple_granny_smith_1,"[-4.934310075244002,2.646327241885205]"
dbfs:/mnt/p11_mount/data/Test/apple_granny_smith_1/r0_211.jpg,apple_granny_smith_1,"[-4.697476082107964,3.5317090135748423]"
dbfs:/mnt/p11_mount/data/Test/cucumber_3/r0_7.jpg,cucumber_3,"[13.131538412441332,-1.8577841909664399]"
dbfs:/mnt/p11_mount/data/Test/cucumber_3/r0_239.jpg,cucumber_3,"[11.983641784365753,-4.973011207634626]"
dbfs:/mnt/p11_mount/data/Test/cucumber_3/r0_303.jpg,cucumber_3,"[12.147631841911915,-2.299376734514818]"
dbfs:/mnt/p11_mount/data/Test/pear_1/r0_315.jpg,pear_1,"[-3.87981286752451,-14.360915994083499]"
dbfs:/mnt/p11_mount/data/Test/pear_1/r0_303.jpg,pear_1,"[-3.756703695782723,-14.952182763695527]"
dbfs:/mnt/p11_mount/data/Test/pear_1/r0_263.jpg,pear_1,"[-4.238795968631834,-14.116522121058315]"
dbfs:/mnt/p11_mount/data/Test/pear_1/r0_251.jpg,pear_1,"[-3.377546617141106,-13.760228781399919]"
dbfs:/mnt/p11_mount/data/Test/pear_1/r0_247.jpg,pear_1,"[-4.189336007342896,-12.950416255947491]"
dbfs:/mnt/p11_mount/data/Test/zucchini_1/r0_175.jpg,zucchini_1,"[8.440719762173499,-3.0671328574209595]"
dbfs:/mnt/p11_mount/data/Test/pear_1/r0_127.jpg,pear_1,"[-5.775681875732513,-12.792979078425494]"
dbfs:/mnt/p11_mount/data/Test/pear_1/r1_151.jpg,pear_1,"[-5.2620698145119285,-11.042466822075246]"
dbfs:/mnt/p11_mount/data/Test/pear_1/r0_155.jpg,pear_1,"[-5.672662034912605,-11.817592171684046]"
dbfs:/mnt/p11_mount/data/Test/pear_1/r1_179.jpg,pear_1,"[-2.9371328444925298,-11.894354028470712]"
dbfs:/mnt/p11_mount/data/Test/pear_1/r1_87.jpg,pear_1,"[-4.854399677237496,-5.737843749181206]"
dbfs:/mnt/p11_mount/data/Test/apple_granny_smith_1/r1_235.jpg,apple_granny_smith_1,"[-5.151540305130111,3.7034760853509834]"
dbfs:/mnt/p11_mount/data/Test/apple_granny_smith_1/r1_259.jpg,apple_granny_smith_1,"[-4.450385297757085,4.076312012114639]"
dbfs:/mnt/p11_mount/data/Test/apple_granny_smith_1/r0_95.jpg,apple_granny_smith_1,"[-6.1615529294881055,5.396378670706501]"
dbfs:/mnt/p11_mount/data/Test/apple_granny_smith_1/r0_67.jpg,apple_granny_smith_1,"[-5.422263720592619,3.263088724321181]"
dbfs:/mnt/p11_mount/data/Test/apple_granny_smith_1/r1_179.jpg,apple_granny_smith_1,"[-3.3095020946567217,3.04749219777258]"
dbfs:/mnt/p11_mount/data/Test/apple_granny_smith_1/r0_35.jpg,apple_granny_smith_1,"[-5.704418860183846,4.901485166153414]"
dbfs:/mnt/p11_mount/data/Test/apple_granny_smith_1/r0_251.jpg,apple_granny_smith_1,"[-4.311032935040416,3.3066670319869367]"
dbfs:/mnt/p11_mount/data/Test/apple_granny_smith_1/r0_203.jpg,apple_granny_smith_1,"[-5.317684938326585,3.0181860624387853]"
dbfs:/mnt/p11_mount/data/Test/cucumber_3/r0_143.jpg,cucumber_3,"[10.361470507001057,-4.566330903721792]"
dbfs:/mnt/p11_mount/data/Test/cucumber_3/r0_23.jpg,cucumber_3,"[13.274825438826957,-3.2480610487658628]"
dbfs:/mnt/p11_mount/data/Test/cucumber_3/r0_291.jpg,cucumber_3,"[10.80266237495682,-1.8047226472537494]"
dbfs:/mnt/p11_mount/data/Test/pear_1/r1_295.jpg,pear_1,"[-4.392051225107771,-14.013492895818551]"
dbfs:/mnt/p11_mount/data/Test/pear_1/r0_75.jpg,pear_1,"[-5.075006456914386,-13.37666960492531]"
dbfs:/mnt/p11_mount/data/Test/zucchini_1/r0_279.jpg,zucchini_1,"[11.107081558675365,-3.790272211246172]"
dbfs:/mnt/p11_mount/data/Test/zucchini_1/r0_115.jpg,zucchini_1,"[12.287749785014858,-4.936230498418862]"
dbfs:/mnt/p11_mount/data/Test/zucchini_1/r0_11.jpg,zucchini_1,"[10.271165980426144,-4.841858675736075]"
dbfs:/mnt/p11_mount/data/Test/zucchini_1/r0_31.jpg,zucchini_1,"[10.709520026325107,-4.2966218382152]"
dbfs:/mnt/p11_mount/data/Test/pear_1/r0_115.jpg,pear_1,"[-3.9035770366499776,-14.982839096668256]"
dbfs:/mnt/p11_mount/data/Test/zucchini_1/r0_155.jpg,zucchini_1,"[7.395160091453155,-2.999167321108851]"
dbfs:/mnt/p11_mount/data/Test/pear_1/r1_119.jpg,pear_1,"[-5.738314060327995,-9.955439786859086]"
dbfs:/mnt/p11_mount/data/Test/pear_1/r1_135.jpg,pear_1,"[-6.138188795002137,-12.61298719214284]"
dbfs:/mnt/p11_mount/data/Test/apple_granny_smith_1/r1_31.jpg,apple_granny_smith_1,"[-3.7050302236977646,3.1438475170503506]"
dbfs:/mnt/p11_mount/data/Test/pear_1/r1_51.jpg,pear_1,"[-4.075234514797487,-4.194650282377417]"
dbfs:/mnt/p11_mount/data/Test/apple_granny_smith_1/r1_107.jpg,apple_granny_smith_1,"[-5.116608951142354,3.313199401128042]"
dbfs:/mnt/p11_mount/data/Test/apple_granny_smith_1/r0_115.jpg,apple_granny_smith_1,"[-4.4977296897946895,4.395020433237598]"
dbfs:/mnt/p11_mount/data/Test/apple_granny_smith_1/r1_299.jpg,apple_granny_smith_1,"[-4.52234671243167,4.877357983295137]"
dbfs:/mnt/p11_mount/data/Test/apple_granny_smith_1/r1_175.jpg,apple_granny_smith_1,"[-3.9938126364316378,3.090193003490506]"
dbfs:/mnt/p11_mount/data/Test/apple_granny_smith_1/r0_307.jpg,apple_granny_smith_1,"[-5.100948940708679,4.012772290369917]"
dbfs:/mnt/p11_mount/data/Test/apple_granny_smith_1/r1_159.jpg,apple_granny_smith_1,"[-5.910200154853934,4.381720526907076]"
dbfs:/mnt/p11_mount/data/Test/cucumber_3/r0_95.jpg,cucumber_3,"[9.086569669472977,-3.094500092547916]"
dbfs:/mnt/p11_mount/data/Test/cucumber_3/r0_51.jpg,cucumber_3,"[15.333072207954986,-4.128329182207489]"
dbfs:/mnt/p11_mount/data/Test/cucumber_3/r0_267.jpg,cucumber_3,"[10.274892006627304,-3.4207406195318106]"
dbfs:/mnt/p11_mount/data/Test/pear_1/r1_287.jpg,pear_1,"[-5.7336578331606445,-14.559983427736444]"
dbfs:/mnt/p11_mount/data/Test/pear_1/r0_287.jpg,pear_1,"[-3.9486069500448338,-15.869858580229797]"
dbfs:/mnt/p11_mount/data/Test/pear_1/r0_63.jpg,pear_1,"[-2.490026761188392,-13.838793712338408]"
dbfs:/mnt/p11_mount/data/Test/zucchini_1/r0_311.jpg,zucchini_1,"[12.23191463294255,-4.12380603578718]"
dbfs:/mnt/p11_mount/data/Test/zucchini_1/r0_131.jpg,zucchini_1,"[12.477344567329613,-4.099971676812558]"
dbfs:/mnt/p11_mount/data/Test/zucchini_1/r0_275.jpg,zucchini_1,"[10.13497984508748,-4.078230219825265]"
dbfs:/mnt/p11_mount/data/Test/zucchini_1/r0_23.jpg,zucchini_1,"[11.36857482658564,-4.092456423304324]"
dbfs:/mnt/p11_mount/data/Test/pear_1/r0_123.jpg,pear_1,"[-4.684029480703691,-13.99960882323816]"
dbfs:/mnt/p11_mount/data/Test/pear_1/r0_119.jpg,pear_1,"[-4.240866377492815,-14.798202854901296]"
dbfs:/mnt/p11_mount/data/Test/pear_1/r0_139.jpg,pear_1,"[-6.596216918764124,-14.431502830483728]"
dbfs:/mnt/p11_mount/data/Test/pear_1/r1_107.jpg,pear_1,"[-5.562018452398813,-8.727963598634496]"
dbfs:/mnt/p11_mount/data/Test/apple_granny_smith_1/r1_91.jpg,apple_granny_smith_1,"[-4.858902266221357,2.7373199872056566]"
dbfs:/mnt/p11_mount/data/Test/apple_granny_smith_1/r1_87.jpg,apple_granny_smith_1,"[-4.911797416947591,2.8287035716345104]"
dbfs:/mnt/p11_mount/data/Test/apple_granny_smith_1/r1_99.jpg,apple_granny_smith_1,"[-4.841838840215262,3.53274593813254]"
dbfs:/mnt/p11_mount/data/Test/apple_granny_smith_1/r0_99.jpg,apple_granny_smith_1,"[-5.664098444292546,5.08136579594735]"
dbfs:/mnt/p11_mount/data/Test/apple_granny_smith_1/r1_291.jpg,apple_granny_smith_1,"[-6.103576290934108,4.147198064135509]"
dbfs:/mnt/p11_mount/data/Test/apple_granny_smith_1/r0_171.jpg,apple_granny_smith_1,"[-5.60857220570864,3.0608543686140104]"
